name;group_name;group_folder_path;target
Cлесарные верстаки;Верстаки;/нигеры/черные/Cлесарные верстаки;/k/rabochie-slesarnye-verstaki
Cлесарные верстаки купить;Верстаки;/нигеры/черные/Cлесарные верстаки;/k/rabochie-slesarnye-verstaki
Cлесарные верстаки цена;Верстаки;/нигеры/черные/Cлесарные верстаки;/k/rabochie-slesarnye-verstaki
Верстак однотумбовый;Верстаки;/нигеры/черные/Верстак однотумбовый;/k/f-verstak-odnotumbovyy
Верстак однотумбовый купить;Верстаки;/нигеры/черные/Верстак однотумбовый;/k/f-verstak-odnotumbovyy
Верстак однотумбовый цена;Верстаки;/нигеры/черные/Верстак однотумбовый;/k/f-verstak-odnotumbovyy
Верстак деревянный;Верстаки;/нигеры/черные/Верстак деревянный;/k/f-verstak-derevyannyy
Верстак деревянный купить;Верстаки;/нигеры/черные/Верстак деревянный;/k/f-verstak-derevyannyy
Верстак деревянный цена;Верстаки;/нигеры/черные/Верстак деревянный;/k/f-verstak-derevyannyy
Рабочие столярные верстаки;Верстаки;/нигеры/черные/Рабочие столярные верстаки;/k/rabochie-stolyarnye-verstaki
Рабочие столярные верстаки купить;Верстаки;/нигеры/черные/Рабочие столярные верстаки;/k/rabochie-stolyarnye-verstaki
Рабочие столярные верстаки цена;Верстаки;/нигеры/черные/Рабочие столярные верстаки;/k/rabochie-stolyarnye-verstaki
Верстак складной;Верстаки;/нигеры/черные/Верстак складной;/k/f-verstak-skladnoy
Верстак складной купить;Верстаки;/нигеры/черные/Верстак складной;/k/f-verstak-skladnoy
Верстак складной цена;Верстаки;/нигеры/черные/Верстак складной;/k/f-verstak-skladnoy
Верстак универсальный;Верстаки;/нигеры/черные/Верстак универсальный;/k/f-verstak-universalnyy
Верстак универсальный купить;Верстаки;/нигеры/черные/Верстак универсальный;/k/f-verstak-universalnyy
Верстак универсальный цена;Верстаки;/нигеры/черные/Верстак универсальный;/k/f-verstak-universalnyy
Верстак-тиски;Верстаки;/нигеры/черные/Верстак-тиски;/k/f-verstak-tiski
Верстак-тиски купить;Верстаки;/нигеры/черные/Верстак-тиски;/k/f-verstak-tiski
Верстак-тиски цена;Верстаки;/нигеры/черные/Верстак-тиски;/k/f-verstak-tiski
Столешница для верстака;Верстаки;/нигеры/черные/Столешница для верстака;/k/f-stoleshnica-dlya-verstaka
Столешница для верстака купить;Верстаки;/нигеры/черные/Столешница для верстака;/k/f-stoleshnica-dlya-verstaka
Столешница для верстака цена;Верстаки;/нигеры/черные/Столешница для верстака;/k/f-stoleshnica-dlya-verstaka
Однотумбовые рабочие верстаки;Верстаки;/нигеры/черные/Однотумбовые рабочие верстаки;/k/odnotumbovye-rabochie-verstaki
Однотумбовые рабочие верстаки купить;Верстаки;/нигеры/черные/Однотумбовые рабочие верстаки;/k/odnotumbovye-rabochie-verstaki
Однотумбовые рабочие верстаки цена;Верстаки;/нигеры/черные/Однотумбовые рабочие верстаки;/k/odnotumbovye-rabochie-verstaki
Верстак столярный;Верстаки;/нигеры/черные/Верстак столярный;/k/f-verstak-stolyarnyy
Верстак столярный купить;Верстаки;/нигеры/черные/Верстак столярный;/k/f-verstak-stolyarnyy
Верстак столярный цена;Верстаки;/нигеры/черные/Верстак столярный;/k/f-verstak-stolyarnyy
Рабочие металлические верстаки;Верстаки;/нигеры/черные/Рабочие металлические верстаки;/k/rabochie-metallicheskie-verstaki
Рабочие металлические верстаки купить;Верстаки;/нигеры/черные/Рабочие металлические верстаки;/k/rabochie-metallicheskie-verstaki
Рабочие металлические верстаки цена;Верстаки;/нигеры/черные/Рабочие металлические верстаки;/k/rabochie-metallicheskie-verstaki
Верстак для мастерской;Верстаки;/нигеры/черные/Верстак для мастерской;/k/f-verstak-dlya-masterskoy
Верстак для мастерской купить;Верстаки;/нигеры/черные/Верстак для мастерской;/k/f-verstak-dlya-masterskoy
Верстак для мастерской цена;Верстаки;/нигеры/черные/Верстак для мастерской;/k/f-verstak-dlya-masterskoy
Козлы складные;Верстаки;/нигеры/черные/Козлы складные;/k/kozly-skladnye
Козлы складные купить;Верстаки;/нигеры/черные/Козлы складные;/k/kozly-skladnye
Козлы складные цена;Верстаки;/нигеры/черные/Козлы складные;/k/kozly-skladnye
Верстак слесарный бестумбовый;Верстаки;/нигеры/черные/Верстак слесарный бестумбовый;/k/f-verstak-slesarnyy-bestumbovyy
Верстак слесарный бестумбовый купить;Верстаки;/нигеры/черные/Верстак слесарный бестумбовый;/k/f-verstak-slesarnyy-bestumbovyy
Верстак слесарный бестумбовый цена;Верстаки;/нигеры/черные/Верстак слесарный бестумбовый;/k/f-verstak-slesarnyy-bestumbovyy
Верстак передвижной;Верстаки;/нигеры/черные/Верстак передвижной;/k/f-verstak-peredvizhnoy
Верстак передвижной купить;Верстаки;/нигеры/черные/Верстак передвижной;/k/f-verstak-peredvizhnoy
Верстак передвижной цена;Верстаки;/нигеры/черные/Верстак передвижной;/k/f-verstak-peredvizhnoy
Верстак Black Decker;Верстаки;/нигеры/черные/Верстак Black Decker;/k/verstak-black-decker
Верстак Black Decker купить;Верстаки;/нигеры/черные/Верстак Black Decker;/k/verstak-black-decker
Верстак Black Decker цена;Верстаки;/нигеры/черные/Верстак Black Decker;/k/verstak-black-decker
Верстаки Ryobi;Верстаки;/нигеры/черные/Верстаки Ryobi;/k/f-verstaki-ryobi
Верстаки Ryobi купить;Верстаки;/нигеры/черные/Верстаки Ryobi;/k/f-verstaki-ryobi
Верстаки Ryobi цена;Верстаки;/нигеры/черные/Верстаки Ryobi;/k/f-verstaki-ryobi
Верстаки Stanley;Верстаки;/нигеры/черные/Верстаки Stanley;/k/f-verstaki-stanley
Верстаки Stanley купить;Верстаки;/нигеры/черные/Верстаки Stanley;/k/f-verstaki-stanley
Верстаки Stanley цена;Верстаки;/нигеры/черные/Верстаки Stanley;/k/f-verstaki-stanley
Верстак для домашней мастерской;Верстаки;/нигеры/черные/Верстак для домашней мастерской;/k/verstak-dlya-domashney-masterskoy
Верстак для домашней мастерской купить;Верстаки;/нигеры/черные/Верстак для домашней мастерской;/k/verstak-dlya-domashney-masterskoy
Верстак для домашней мастерской цена;Верстаки;/нигеры/черные/Верстак для домашней мастерской;/k/verstak-dlya-domashney-masterskoy
Универсальные складные верстаки;Верстаки;/нигеры/черные/Универсальные складные верстаки;/k/f-universalnye-skladnye-verstaki
Универсальные складные верстаки купить;Верстаки;/нигеры/черные/Универсальные складные верстаки;/k/f-universalnye-skladnye-verstaki
Универсальные складные верстаки цена;Верстаки;/нигеры/черные/Универсальные складные верстаки;/k/f-universalnye-skladnye-verstaki
Рабочие верстаки;Верстаки;/нигеры/черные/Рабочие верстаки;/k/rabochie-verstaki
Рабочие верстаки купить;Верстаки;/нигеры/черные/Рабочие верстаки;/k/rabochie-verstaki
Рабочие верстаки цена;Верстаки;/нигеры/черные/Рабочие верстаки;/k/rabochie-verstaki
Верстаки KING TONY;Верстаки;/нигеры/черные/Верстаки KING TONY;/k/f-verstaki-king-tony
Верстаки KING TONY купить;Верстаки;/нигеры/черные/Верстаки KING TONY;/k/f-verstaki-king-tony
Верстаки KING TONY цена;Верстаки;/нигеры/черные/Верстаки KING TONY;/k/f-verstaki-king-tony
Верстак bosch;Верстаки;/нигеры/черные/Верстак bosch;/k/f-verstak-bosch
Верстак bosch купить;Верстаки;/нигеры/черные/Верстак bosch;/k/f-verstak-bosch
Верстак bosch цена;Верстаки;/нигеры/черные/Верстак bosch;/k/f-verstak-bosch
Стол для пилы;Верстаки;/нигеры/черные/Стол для пилы;/k/f-stol-dlya-pily
Стол для пилы купить;Верстаки;/нигеры/черные/Стол для пилы;/k/f-stol-dlya-pily
Стол для пилы цена;Верстаки;/нигеры/черные/Стол для пилы;/k/f-stol-dlya-pily
Верстак для инструмента;Верстаки;/нигеры/черные/Верстак для инструмента;/k/f-verstak-dlya-instrumenta
Верстак для инструмента купить;Верстаки;/нигеры/черные/Верстак для инструмента;/k/f-verstak-dlya-instrumenta
Верстак для инструмента цена;Верстаки;/нигеры/черные/Верстак для инструмента;/k/f-verstak-dlya-instrumenta
Верстаки Sturm;Верстаки;/нигеры/черные/Верстаки Sturm;/k/f-verstaki-sturm
Верстаки Sturm купить;Верстаки;/нигеры/черные/Верстаки Sturm;/k/f-verstaki-sturm
Верстаки Sturm цена;Верстаки;/нигеры/черные/Верстаки Sturm;/k/f-verstaki-sturm
Верстаки практик;Верстаки;/нигеры/черные/Верстаки практик;/k/f-verstaki-praktik
Верстаки практик купить;Верстаки;/нигеры/черные/Верстаки практик;/k/f-verstaki-praktik
Верстаки практик цена;Верстаки;/нигеры/черные/Верстаки практик;/k/f-verstaki-praktik
Верстак wolfcraft;Верстаки;/нигеры/черные/Верстак wolfcraft;/k/f-verstak-wolfcraft
Верстак wolfcraft купить;Верстаки;/нигеры/черные/Верстак wolfcraft;/k/f-verstak-wolfcraft
Верстак wolfcraft цена;Верстаки;/нигеры/черные/Верстак wolfcraft;/k/f-verstak-wolfcraft
Верстак для торцовочной пилы;Верстаки;/нигеры/черные/Верстак для торцовочной пилы;/k/f-verstak-dlya-torcovochnoy-pily
Верстак для торцовочной пилы купить;Верстаки;/нигеры/черные/Верстак для торцовочной пилы;/k/f-verstak-dlya-torcovochnoy-pily
Верстак для торцовочной пилы цена;Верстаки;/нигеры/черные/Верстак для торцовочной пилы;/k/f-verstak-dlya-torcovochnoy-pily
Верстак в гараж;Верстаки;/нигеры/черные/Верстак в гараж;/k/f-verstak-v-garazh
Верстак в гараж купить;Верстаки;/нигеры/черные/Верстак в гараж;/k/f-verstak-v-garazh
Верстак в гараж цена;Верстаки;/нигеры/черные/Верстак в гараж;/k/f-verstak-v-garazh
Стол сварщика;Столы производственные;/нигеры/черные/Стол сварщика;/k/f-stol-svarshchika
Стол сварщика купить;Столы производственные;/нигеры/черные/Стол сварщика;/k/f-stol-svarshchika
Стол сварщика цена;Столы производственные;/нигеры/черные/Стол сварщика;/k/f-stol-svarshchika
Столы монтажные;Столы производственные;/нигеры/черные/Столы монтажные;/k/f-stoly-montazhnye
Столы монтажные купить;Столы производственные;/нигеры/черные/Столы монтажные;/k/f-stoly-montazhnye
Столы монтажные цена;Столы производственные;/нигеры/черные/Столы монтажные;/k/f-stoly-montazhnye
Стол промышленный;Столы производственные;/нигеры/черные/Стол промышленный;/k/f-stol-promyshlennyy
Стол промышленный купить;Столы производственные;/нигеры/черные/Стол промышленный;/k/f-stol-promyshlennyy
Стол промышленный цена;Столы производственные;/нигеры/черные/Стол промышленный;/k/f-stol-promyshlennyy
Столы для фрезерных станков;Столы производственные;/нигеры/черные/Столы для фрезерных станков;/k/stoly-dlya-frezernyh-stankov
Столы для фрезерных станков купить;Столы производственные;/нигеры/черные/Столы для фрезерных станков;/k/stoly-dlya-frezernyh-stankov
Столы для фрезерных станков цена;Столы производственные;/нигеры/черные/Столы для фрезерных станков;/k/stoly-dlya-frezernyh-stankov
Сварочно сборочный стол;Столы производственные;/нигеры/черные/Сварочно сборочный стол;/k/f-svarochno-sborochnyy-stol
Сварочно сборочный стол купить;Столы производственные;/нигеры/черные/Сварочно сборочный стол;/k/f-svarochno-sborochnyy-stol
Сварочно сборочный стол цена;Столы производственные;/нигеры/черные/Сварочно сборочный стол;/k/f-svarochno-sborochnyy-stol
Рабочий стол Worx wx051;Столы производственные;/нигеры/черные/Рабочий стол Worx wx051;/k/f-worx-wx051
Рабочий стол Worx wx051 купить;Столы производственные;/нигеры/черные/Рабочий стол Worx wx051;/k/f-worx-wx051
Рабочий стол Worx wx051 цена;Столы производственные;/нигеры/черные/Рабочий стол Worx wx051;/k/f-worx-wx051
Стол слесарный;Столы производственные;/нигеры/черные/Стол слесарный;/k/stol-slesarnyy
Стол слесарный купить;Столы производственные;/нигеры/черные/Стол слесарный;/k/stol-slesarnyy
Стол слесарный цена;Столы производственные;/нигеры/черные/Стол слесарный;/k/stol-slesarnyy
Тележка для инструмента;Тележки инструментальные;/нигеры/черные/Тележка для инструмента;/k/telezhki-dlya-instrumentov
Тележка для инструмента купить;Тележки инструментальные;/нигеры/черные/Тележка для инструмента;/k/telezhki-dlya-instrumentov
Тележка для инструмента цена;Тележки инструментальные;/нигеры/черные/Тележка для инструмента;/k/telezhki-dlya-instrumentov
Тележка для ящиков;Тележки инструментальные;/нигеры/черные/Тележка для ящиков;/k/f-telezhka-dlya-yashchikov
Тележка для ящиков купить;Тележки инструментальные;/нигеры/черные/Тележка для ящиков;/k/f-telezhka-dlya-yashchikov
Тележка для ящиков цена;Тележки инструментальные;/нигеры/черные/Тележка для ящиков;/k/f-telezhka-dlya-yashchikov
Тележки наборы инструментов;Тележки инструментальные;/нигеры/черные/Тележки наборы инструментов;/k/f-telezhki-nabory-instrumentov
Тележки наборы инструментов купить;Тележки инструментальные;/нигеры/черные/Тележки наборы инструментов;/k/f-telezhki-nabory-instrumentov
Тележки наборы инструментов цена;Тележки инструментальные;/нигеры/черные/Тележки наборы инструментов;/k/f-telezhki-nabory-instrumentov
Тележка инструментальная с ящиками;Тележки инструментальные;/нигеры/черные/Тележка инструментальная с ящиками;/k/f-telezhka-instrumentalnaya-s-yashchikami
Тележка инструментальная с ящиками купить;Тележки инструментальные;/нигеры/черные/Тележка инструментальная с ящиками;/k/f-telezhka-instrumentalnaya-s-yashchikami
Тележка инструментальная с ящиками цена;Тележки инструментальные;/нигеры/черные/Тележка инструментальная с ящиками;/k/f-telezhka-instrumentalnaya-s-yashchikami
Тележки для инструмента на колесах;Тележки инструментальные;/нигеры/черные/Тележки для инструмента на колесах;/k/telezhki-dlya-instrumenta-na-kolesah
Тележки для инструмента на колесах купить;Тележки инструментальные;/нигеры/черные/Тележки для инструмента на колесах;/k/telezhki-dlya-instrumenta-na-kolesah
Тележки для инструмента на колесах цена;Тележки инструментальные;/нигеры/черные/Тележки для инструмента на колесах;/k/telezhki-dlya-instrumenta-na-kolesah
Металлические тележки для инструмента;Тележки инструментальные;/нигеры/черные/Металлические тележки для инструмента;/k/metallicheskie-telezhki-dlya-instrumenta
Металлические тележки для инструмента купить;Тележки инструментальные;/нигеры/черные/Металлические тележки для инструмента;/k/metallicheskie-telezhki-dlya-instrumenta
Металлические тележки для инструмента цена;Тележки инструментальные;/нигеры/черные/Металлические тележки для инструмента;/k/metallicheskie-telezhki-dlya-instrumenta
Тележки для инструментов с полками;Тележки инструментальные;/нигеры/черные/Тележки для инструментов с полками;/k/telezhki-dlya-instrumentov-s-polkami
Тележки для инструментов с полками купить;Тележки инструментальные;/нигеры/черные/Тележки для инструментов с полками;/k/telezhki-dlya-instrumentov-s-polkami
Тележки для инструментов с полками цена;Тележки инструментальные;/нигеры/черные/Тележки для инструментов с полками;/k/telezhki-dlya-instrumentov-s-polkami
Тележка инструментальная 3 полки;Тележки инструментальные;/нигеры/черные/Тележка инструментальная 3 полки;/k/f-telezhka-instrumentalnaya-3-polki
Тележка инструментальная 3 полки купить;Тележки инструментальные;/нигеры/черные/Тележка инструментальная 3 полки;/k/f-telezhka-instrumentalnaya-3-polki
Тележка инструментальная 3 полки цена;Тележки инструментальные;/нигеры/черные/Тележка инструментальная 3 полки;/k/f-telezhka-instrumentalnaya-3-polki
Тележки для инструментов Мастак;Тележки инструментальные;/нигеры/черные/Тележки для инструментов Мастак;/k/f-telezhki-dlya-instrumentov-mastak
Тележки для инструментов Мастак купить;Тележки инструментальные;/нигеры/черные/Тележки для инструментов Мастак;/k/f-telezhki-dlya-instrumentov-mastak
Тележки для инструментов Мастак цена;Тележки инструментальные;/нигеры/черные/Тележки для инструментов Мастак;/k/f-telezhki-dlya-instrumentov-mastak
Ложементы для инструментальных тележек;Тележки инструментальные;/нигеры/черные/Ложементы для инструментальных тележек;/k/lozhementy-dlya-instrumentalnyh-telezhek
Ложементы для инструментальных тележек купить;Тележки инструментальные;/нигеры/черные/Ложементы для инструментальных тележек;/k/lozhementy-dlya-instrumentalnyh-telezhek
Ложементы для инструментальных тележек цена;Тележки инструментальные;/нигеры/черные/Ложементы для инструментальных тележек;/k/lozhementy-dlya-instrumentalnyh-telezhek
Тележки инструментальные WDS;Тележки инструментальные;/нигеры/черные/Тележки инструментальные WDS;/k/telezhki-instrumentalnye-wds
Тележки инструментальные WDS купить;Тележки инструментальные;/нигеры/черные/Тележки инструментальные WDS;/k/telezhki-instrumentalnye-wds
Тележки инструментальные WDS цена;Тележки инструментальные;/нигеры/черные/Тележки инструментальные WDS;/k/telezhki-instrumentalnye-wds
Шкафы и тележки для инструмента King Tony;Шкафы для инструментов;/нигеры/черные/Шкафы и тележки для инструмента King Tony;/k/shkafy_i_telezhki_dlya_instrumenta_king-tony-c8948
Шкафы и тележки для инструмента King Tony купить;Шкафы для инструментов;/нигеры/черные/Шкафы и тележки для инструмента King Tony;/k/shkafy_i_telezhki_dlya_instrumenta_king-tony-c8948
Шкафы и тележки для инструмента King Tony цена;Шкафы для инструментов;/нигеры/черные/Шкафы и тележки для инструмента King Tony;/k/shkafy_i_telezhki_dlya_instrumenta_king-tony-c8948
Шкаф инструментальный;Шкафы для инструментов;/нигеры/черные/Шкаф инструментальный;/k/f-shkaf-instrumentalnyy
Шкаф инструментальный купить;Шкафы для инструментов;/нигеры/черные/Шкаф инструментальный;/k/f-shkaf-instrumentalnyy
Шкаф инструментальный цена;Шкафы для инструментов;/нигеры/черные/Шкаф инструментальный;/k/f-shkaf-instrumentalnyy
Шкаф металлический с полками;Шкафы для инструментов;/нигеры/черные/Шкаф металлический с полками;/k/shkaf-metallicheskiy-s-polkami
Шкаф металлический с полками купить;Шкафы для инструментов;/нигеры/черные/Шкаф металлический с полками;/k/shkaf-metallicheskiy-s-polkami
Шкаф металлический с полками цена;Шкафы для инструментов;/нигеры/черные/Шкаф металлический с полками;/k/shkaf-metallicheskiy-s-polkami
Шкафы для инструмента серии ТС-1995;Шкафы для инструментов;/нигеры/черные/Шкафы для инструмента серии ТС-1995;/k/shkafy-dlya-instrumenta-serii-ts-1995
Шкафы для инструмента серии ТС-1995 купить;Шкафы для инструментов;/нигеры/черные/Шкафы для инструмента серии ТС-1995;/k/shkafy-dlya-instrumenta-serii-ts-1995
Шкафы для инструмента серии ТС-1995 цена;Шкафы для инструментов;/нигеры/черные/Шкафы для инструмента серии ТС-1995;/k/shkafy-dlya-instrumenta-serii-ts-1995
Стул автослесаря;Стулья промышленные;/нигеры/черные/Стул автослесаря;/k/f-stul-avtoslesarya
Стул автослесаря купить;Стулья промышленные;/нигеры/черные/Стул автослесаря;/k/f-stul-avtoslesarya
Стул автослесаря цена;Стулья промышленные;/нигеры/черные/Стул автослесаря;/k/f-stul-avtoslesarya
Стул винтовой промышленный;Стулья промышленные;/нигеры/черные/Стул винтовой промышленный;/k/stul-vintovoy-promyshlennyy
Стул винтовой промышленный купить;Стулья промышленные;/нигеры/черные/Стул винтовой промышленный;/k/stul-vintovoy-promyshlennyy
Стул винтовой промышленный цена;Стулья промышленные;/нигеры/черные/Стул винтовой промышленный;/k/stul-vintovoy-promyshlennyy
Табурет промышленный винтовой;Табуреты промышленные;/нигеры/черные/Табурет промышленный винтовой;/k/taburet-promyshlennyy-vintovoy
Табурет промышленный винтовой купить;Табуреты промышленные;/нигеры/черные/Табурет промышленный винтовой;/k/taburet-promyshlennyy-vintovoy
Табурет промышленный винтовой цена;Табуреты промышленные;/нигеры/черные/Табурет промышленный винтовой;/k/taburet-promyshlennyy-vintovoy
Тумба для верстака;Тумбы инструментальные;/нигеры/черные/Тумба для верстака;/k/f-tumba-dlya-verstaka
Тумба для верстака купить;Тумбы инструментальные;/нигеры/черные/Тумба для верстака;/k/f-tumba-dlya-verstaka
Тумба для верстака цена;Тумбы инструментальные;/нигеры/черные/Тумба для верстака;/k/f-tumba-dlya-verstaka